PRAGMA foreign_keys=OFF;
BEGIN TRANSACTION;
CREATE TABLE IF NOT EXISTS "django_migrations" ("id" integer NOT NULL PRIMARY KEY AUTOINCREMENT, "app" varchar(255) NOT NULL, "name" varchar(255) NOT NULL, "applied" datetime NOT NULL);
INSERT INTO django_migrations VALUES(1,'contenttypes','0001_initial','2023-06-15 20:43:43.894479');
INSERT INTO django_migrations VALUES(2,'auth','0001_initial','2023-06-15 20:43:43.907463');
INSERT INTO django_migrations VALUES(3,'admin','0001_initial','2023-06-15 20:43:43.915506');
INSERT INTO django_migrations VALUES(4,'admin','0002_logentry_remove_auto_add','2023-06-15 20:43:43.925009');
INSERT INTO django_migrations VALUES(5,'admin','0003_logentry_add_action_flag_choices','2023-06-15 20:43:43.931059');
INSERT INTO django_migrations VALUES(6,'contenttypes','0002_remove_content_type_name','2023-06-15 20:43:43.946254');
INSERT INTO django_migrations VALUES(7,'auth','0002_alter_permission_name_max_length','2023-06-15 20:43:43.955507');
INSERT INTO django_migrations VALUES(8,'auth','0003_alter_user_email_max_length','2023-06-15 20:43:43.964028');
INSERT INTO django_migrations VALUES(9,'auth','0004_alter_user_username_opts','2023-06-15 20:43:43.969982');
INSERT INTO django_migrations VALUES(10,'auth','0005_alter_user_last_login_null','2023-06-15 20:43:43.980285');
INSERT INTO django_migrations VALUES(11,'auth','0006_require_contenttypes_0002','2023-06-15 20:43:43.981702');
INSERT INTO django_migrations VALUES(12,'auth','0007_alter_validators_add_error_messages','2023-06-15 20:43:43.989398');
INSERT INTO django_migrations VALUES(13,'auth','0008_alter_user_username_max_length','2023-06-15 20:43:43.998266');
INSERT INTO django_migrations VALUES(14,'auth','0009_alter_user_last_name_max_length','2023-06-15 20:43:44.007034');
INSERT INTO django_migrations VALUES(15,'auth','0010_alter_group_name_max_length','2023-06-15 20:43:44.015081');
INSERT INTO django_migrations VALUES(16,'auth','0011_update_proxy_permissions','2023-06-15 20:43:44.021227');
INSERT INTO django_migrations VALUES(17,'auth','0012_alter_user_first_name_max_length','2023-06-15 20:43:44.030820');
INSERT INTO django_migrations VALUES(18,'authtoken','0001_initial','2023-06-15 20:43:44.038567');
INSERT INTO django_migrations VALUES(19,'authtoken','0002_auto_20160226_1747','2023-06-15 20:43:44.059988');
INSERT INTO django_migrations VALUES(20,'authtoken','0003_tokenproxy','2023-06-15 20:43:44.062210');
INSERT INTO django_migrations VALUES(21,'sessions','0001_initial','2023-06-15 20:43:44.065865');
INSERT INTO django_migrations VALUES(22,'stickerstormapi','0001_initial','2023-06-15 20:43:44.086442');
INSERT INTO django_migrations VALUES(23,'stickerstormapi','0002_alter_sticker_finish_type_alter_sticker_id_and_more','2024-01-28 21:46:25.080565');
INSERT INTO django_migrations VALUES(24,'stickerstormapi','0003_alter_sticker_finish_type_alter_sticker_sticker_size','2024-01-28 22:13:14.592095');
INSERT INTO django_migrations VALUES(25,'stickerstormapi','0004_alter_finish_id_alter_size_id','2024-01-28 22:13:23.345356');
CREATE TABLE IF NOT EXISTS "auth_group_permissions" ("id" integer NOT NULL PRIMARY KEY AUTOINCREMENT, "group_id" integer NOT NULL REFERENCES "auth_group" ("id") DEFERRABLE INITIALLY DEFERRED, "permission_id" integer NOT NULL REFERENCES "auth_permission" ("id") DEFERRABLE INITIALLY DEFERRED);
CREATE TABLE IF NOT EXISTS "auth_user_groups" ("id" integer NOT NULL PRIMARY KEY AUTOINCREMENT, "user_id" integer NOT NULL REFERENCES "auth_user" ("id") DEFERRABLE INITIALLY DEFERRED, "group_id" integer NOT NULL REFERENCES "auth_group" ("id") DEFERRABLE INITIALLY DEFERRED);
CREATE TABLE IF NOT EXISTS "auth_user_user_permissions" ("id" integer NOT NULL PRIMARY KEY AUTOINCREMENT, "user_id" integer NOT NULL REFERENCES "auth_user" ("id") DEFERRABLE INITIALLY DEFERRED, "permission_id" integer NOT NULL REFERENCES "auth_permission" ("id") DEFERRABLE INITIALLY DEFERRED);
CREATE TABLE IF NOT EXISTS "django_admin_log" ("id" integer NOT NULL PRIMARY KEY AUTOINCREMENT, "object_id" text NULL, "object_repr" varchar(200) NOT NULL, "action_flag" smallint unsigned NOT NULL CHECK ("action_flag" >= 0), "change_message" text NOT NULL, "content_type_id" integer NULL REFERENCES "django_content_type" ("id") DEFERRABLE INITIALLY DEFERRED, "user_id" integer NOT NULL REFERENCES "auth_user" ("id") DEFERRABLE INITIALLY DEFERRED, "action_time" datetime NOT NULL);
CREATE TABLE IF NOT EXISTS "django_content_type" ("id" integer NOT NULL PRIMARY KEY AUTOINCREMENT, "app_label" varchar(100) NOT NULL, "model" varchar(100) NOT NULL);
INSERT INTO django_content_type VALUES(1,'admin','logentry');
INSERT INTO django_content_type VALUES(2,'auth','permission');
INSERT INTO django_content_type VALUES(3,'auth','group');
INSERT INTO django_content_type VALUES(4,'auth','user');
INSERT INTO django_content_type VALUES(5,'contenttypes','contenttype');
INSERT INTO django_content_type VALUES(6,'sessions','session');
INSERT INTO django_content_type VALUES(7,'authtoken','token');
INSERT INTO django_content_type VALUES(8,'authtoken','tokenproxy');
INSERT INTO django_content_type VALUES(9,'stickerstormapi','finish');
INSERT INTO django_content_type VALUES(10,'stickerstormapi','size');
INSERT INTO django_content_type VALUES(11,'stickerstormapi','sticker');
INSERT INTO django_content_type VALUES(12,'stickerstormapi','order');
CREATE TABLE IF NOT EXISTS "auth_permission" ("id" integer NOT NULL PRIMARY KEY AUTOINCREMENT, "content_type_id" integer NOT NULL REFERENCES "django_content_type" ("id") DEFERRABLE INITIALLY DEFERRED, "codename" varchar(100) NOT NULL, "name" varchar(255) NOT NULL);
INSERT INTO auth_permission VALUES(1,1,'add_logentry','Can add log entry');
INSERT INTO auth_permission VALUES(2,1,'change_logentry','Can change log entry');
INSERT INTO auth_permission VALUES(3,1,'delete_logentry','Can delete log entry');
INSERT INTO auth_permission VALUES(4,1,'view_logentry','Can view log entry');
INSERT INTO auth_permission VALUES(5,2,'add_permission','Can add permission');
INSERT INTO auth_permission VALUES(6,2,'change_permission','Can change permission');
INSERT INTO auth_permission VALUES(7,2,'delete_permission','Can delete permission');
INSERT INTO auth_permission VALUES(8,2,'view_permission','Can view permission');
INSERT INTO auth_permission VALUES(9,3,'add_group','Can add group');
INSERT INTO auth_permission VALUES(10,3,'change_group','Can change group');
INSERT INTO auth_permission VALUES(11,3,'delete_group','Can delete group');
INSERT INTO auth_permission VALUES(12,3,'view_group','Can view group');
INSERT INTO auth_permission VALUES(13,4,'add_user','Can add user');
INSERT INTO auth_permission VALUES(14,4,'change_user','Can change user');
INSERT INTO auth_permission VALUES(15,4,'delete_user','Can delete user');
INSERT INTO auth_permission VALUES(16,4,'view_user','Can view user');
INSERT INTO auth_permission VALUES(17,5,'add_contenttype','Can add content type');
INSERT INTO auth_permission VALUES(18,5,'change_contenttype','Can change content type');
INSERT INTO auth_permission VALUES(19,5,'delete_contenttype','Can delete content type');
INSERT INTO auth_permission VALUES(20,5,'view_contenttype','Can view content type');
INSERT INTO auth_permission VALUES(21,6,'add_session','Can add session');
INSERT INTO auth_permission VALUES(22,6,'change_session','Can change session');
INSERT INTO auth_permission VALUES(23,6,'delete_session','Can delete session');
INSERT INTO auth_permission VALUES(24,6,'view_session','Can view session');
INSERT INTO auth_permission VALUES(25,7,'add_token','Can add Token');
INSERT INTO auth_permission VALUES(26,7,'change_token','Can change Token');
INSERT INTO auth_permission VALUES(27,7,'delete_token','Can delete Token');
INSERT INTO auth_permission VALUES(28,7,'view_token','Can view Token');
INSERT INTO auth_permission VALUES(29,8,'add_tokenproxy','Can add token');
INSERT INTO auth_permission VALUES(30,8,'change_tokenproxy','Can change token');
INSERT INTO auth_permission VALUES(31,8,'delete_tokenproxy','Can delete token');
INSERT INTO auth_permission VALUES(32,8,'view_tokenproxy','Can view token');
INSERT INTO auth_permission VALUES(33,9,'add_finish','Can add finish');
INSERT INTO auth_permission VALUES(34,9,'change_finish','Can change finish');
INSERT INTO auth_permission VALUES(35,9,'delete_finish','Can delete finish');
INSERT INTO auth_permission VALUES(36,9,'view_finish','Can view finish');
INSERT INTO auth_permission VALUES(37,10,'add_size','Can add size');
INSERT INTO auth_permission VALUES(38,10,'change_size','Can change size');
INSERT INTO auth_permission VALUES(39,10,'delete_size','Can delete size');
INSERT INTO auth_permission VALUES(40,10,'view_size','Can view size');
INSERT INTO auth_permission VALUES(41,11,'add_sticker','Can add sticker');
INSERT INTO auth_permission VALUES(42,11,'change_sticker','Can change sticker');
INSERT INTO auth_permission VALUES(43,11,'delete_sticker','Can delete sticker');
INSERT INTO auth_permission VALUES(44,11,'view_sticker','Can view sticker');
INSERT INTO auth_permission VALUES(45,12,'add_order','Can add order');
INSERT INTO auth_permission VALUES(46,12,'change_order','Can change order');
INSERT INTO auth_permission VALUES(47,12,'delete_order','Can delete order');
INSERT INTO auth_permission VALUES(48,12,'view_order','Can view order');
CREATE TABLE IF NOT EXISTS "auth_group" ("id" integer NOT NULL PRIMARY KEY AUTOINCREMENT, "name" varchar(150) NOT NULL UNIQUE);
CREATE TABLE IF NOT EXISTS "auth_user" ("id" integer NOT NULL PRIMARY KEY AUTOINCREMENT, "password" varchar(128) NOT NULL, "last_login" datetime NULL, "is_superuser" bool NOT NULL, "username" varchar(150) NOT NULL UNIQUE, "last_name" varchar(150) NOT NULL, "email" varchar(254) NOT NULL, "is_staff" bool NOT NULL, "is_active" bool NOT NULL, "date_joined" datetime NOT NULL, "first_name" varchar(150) NOT NULL);
INSERT INTO auth_user VALUES(1,'pbkdf2_sha256$216000$qMRH8szID7Z8$Vljya2V3XfruOHuvx1hGz9ZyKg4bxbw7rc2WO0gTR7I=',NULL,0,'Frankie1991','Bruno','.com',0,1,'2023-06-28 14:51:39.989000','Frankie');
INSERT INTO auth_user VALUES(2,'pbkdf2_sha256$600000$cS60PQbAhj1q4vw5dbGxTm$Vp9C6bzo1cgBCg3gqzyWBAcAkB5VuUjtT2+8sX7Vq+I=',NULL,0,'Frankie','Bruno','',0,1,'2023-06-18 23:13:57.656800','Frankie ');
INSERT INTO auth_user VALUES(3,'pbkdf2_sha256$600000$qKmvpTJrqVUoaRL1SDZsao$k6921ySL4dy49sUHyPQdxpSt/uXh8VyMxgezn91W55A=',NULL,0,'SteveM','Money','',0,1,'2023-06-19 19:31:08.780244','Steve');
INSERT INTO auth_user VALUES(4,'pbkdf2_sha256$600000$hsXEI6fcmJ3192n2U6nK3p$l78PpmobBFoNNeppHGJb7uVIBeDO+KsY41yvF8Ht4Dc=',NULL,0,'Freya','Freya','',0,1,'2023-06-22 20:11:13.127014','Freya');
INSERT INTO auth_user VALUES(5,'pbkdf2_sha256$600000$2yTNMTY7tXUOD7lmNVtMLq$WXJL3maPusL0+wSmxMKO93/cjmaG28OIaUusVx3c3WU=',NULL,0,'Cherish4Ever','Smith','',0,1,'2023-06-23 14:03:23.729856','Cherish ');
INSERT INTO auth_user VALUES(6,'pbkdf2_sha256$600000$ofU7JWVqNCIZkc2LJ5GhLi$484/kqVWnafbpsR8AiVll9UhI+wX6R6LIu5HlItXmn0=',NULL,0,'Joshs','S','',0,1,'2023-06-23 15:33:42.321976','Josh');
INSERT INTO auth_user VALUES(7,'pbkdf2_sha256$720000$PRIbTfU6NN0yKeRGgVSjvF$PjIG10DeS//H2j10W/Uszx55zA71uH5Wo9ip+kqkinM=',NULL,0,'test12','asdfads','',0,1,'2024-01-28 21:47:42.088089','asdfasf');
INSERT INTO auth_user VALUES(8,'pbkdf2_sha256$720000$Ih2F7F3oUS9NuRclqGIZVR$afg5Ro7Fow/qBrjHZ6KWx7PMWWc3EVqM4WRJMcb7DDU=',NULL,0,'fbruno','Bruno','',0,1,'2024-02-03 23:48:58.352746','Frankie');
CREATE TABLE IF NOT EXISTS "authtoken_token" ("key" varchar(40) NOT NULL PRIMARY KEY, "created" datetime NOT NULL, "user_id" integer NOT NULL UNIQUE REFERENCES "auth_user" ("id") DEFERRABLE INITIALLY DEFERRED);
INSERT INTO authtoken_token VALUES('cb03e99e9bf2b5bcae7f97f28bce3d0959ff2c14','2023-06-18 23:13:57.964111',2);
INSERT INTO authtoken_token VALUES('0201c8b4276e33e018d5c5a8d61a39f8790042cb','2023-06-19 19:31:09.095872',3);
INSERT INTO authtoken_token VALUES('e0d96e3a2877adf4176cb11fe1efc0de72ac31e3','2023-06-22 20:11:13.486674',4);
INSERT INTO authtoken_token VALUES('dd8a3501494216b1469b70071b5697a60fccff15','2023-06-23 14:03:24.111819',5);
INSERT INTO authtoken_token VALUES('8acada4ae1193cfacc8a4cabe8c2581e7300b4cd','2023-06-23 15:33:42.702608',6);
INSERT INTO authtoken_token VALUES('7b06a04b2b5f2fb72d6c078de6b0371af33b203b','2024-01-28 21:47:42.238778',7);
INSERT INTO authtoken_token VALUES('d6441c185239ac98dbb45847bd07b31e407137b2','2024-02-03 23:48:59.078576',8);
CREATE TABLE IF NOT EXISTS "django_session" ("session_key" varchar(40) NOT NULL PRIMARY KEY, "session_data" text NOT NULL, "expire_date" datetime NOT NULL);
CREATE TABLE IF NOT EXISTS "stickerstormapi_order" ("id" integer NOT NULL PRIMARY KEY AUTOINCREMENT, "created_date" date NULL, "completed_date" date NULL, "quantity" integer NOT NULL, "total" real NOT NULL, "user_id" integer NOT NULL REFERENCES "auth_user" ("id") DEFERRABLE INITIALLY DEFERRED);
INSERT INTO stickerstormapi_order VALUES(1,'2023-06-12','2023-07-20',2,1.0,1);
INSERT INTO stickerstormapi_order VALUES(2,'2023-06-12','2023-07-20',1,1.0,1);
CREATE TABLE IF NOT EXISTS "stickerstormapi_order_order_sticker" ("id" integer NOT NULL PRIMARY KEY AUTOINCREMENT, "order_id" bigint NOT NULL REFERENCES "stickerstormapi_order" ("id") DEFERRABLE INITIALLY DEFERRED, "sticker_id" bigint NOT NULL REFERENCES "stickerstormapi_sticker" ("id") DEFERRABLE INITIALLY DEFERRED);
INSERT INTO stickerstormapi_order_order_sticker VALUES(1,1,1);
INSERT INTO stickerstormapi_order_order_sticker VALUES(2,2,2);
CREATE TABLE IF NOT EXISTS "stickerstormapi_sticker" ("id" integer NOT NULL PRIMARY KEY AUTOINCREMENT, "name" varchar(255) NOT NULL, "image" varchar(200) NOT NULL, "price" integer NOT NULL, "finish_type_id" bigint NOT NULL REFERENCES "stickerstormapi_finish" ("id") DEFERRABLE INITIALLY DEFERRED, "user_id" integer NOT NULL REFERENCES "auth_user" ("id") DEFERRABLE INITIALLY DEFERRED, "sticker_size_id" bigint NOT NULL REFERENCES "stickerstormapi_size" ("id") DEFERRABLE INITIALLY DEFERRED);
INSERT INTO stickerstormapi_sticker VALUES(1,'Beast','https://cdn.discordapp.com/attachments/1113627899082321954/1118315358844100752/collection1.jpg',5,1,1,1);
INSERT INTO stickerstormapi_sticker VALUES(2,'Waves','https://cdn.discordapp.com/attachments/1113627899082321954/1118316945029202021/collection2.001.jpg',5,2,1,1);
INSERT INTO stickerstormapi_sticker VALUES(3,'Cities','https://cdn.discordapp.com/attachments/1113627899082321954/1118318573450952714/collection3.001_3.jpg',5,3,1,1);
INSERT INTO stickerstormapi_sticker VALUES(4,'Forest','https://cdn.discordapp.com/attachments/1113627899082321954/1118319317918961784/collection4.001.jpg',5,3,1,1);
INSERT INTO stickerstormapi_sticker VALUES(6,'Animal','https://cdn.discordapp.com/attachments/1113627899082321954/1118321472528711680/collection5_jpg.jpg',5,3,1,1);
INSERT INTO stickerstormapi_sticker VALUES(13,'Beast ','https://cdn.discordapp.com/attachments/1113627899082321954/1118315358844100752/collection1.jpg',3,2,2,1);
INSERT INTO stickerstormapi_sticker VALUES(17,'SteveMax','https://cdn.discordapp.com/attachments/1113627899082321954/1118315358844100752/collection1.jpg',5,2,3,1);
INSERT INTO stickerstormapi_sticker VALUES(20,'33','https://upload.wikimedia.org/wikipedia/en/a/aa/Bart_Simpson_200px.png',22,1,7,1);
INSERT INTO stickerstormapi_sticker VALUES(21,'Homerchu','https://i.ebayimg.com/images/g/58gAAOSwVsJjwDc0/s-l1600.webp',54,3,7,2);
INSERT INTO stickerstormapi_sticker VALUES(22,'asdfasdf','https://upload.wikimedia.org/wikipedia/en/a/aa/Bart_Simpson_200px.png',10,2,7,2);
INSERT INTO stickerstormapi_sticker VALUES(23,'asdfasdf','https://i.ebayimg.com/images/g/58gAAOSwVsJjwDc0/s-l1600.webp',1,1,7,1);
INSERT INTO stickerstormapi_sticker VALUES(25,'H-Doom','https://howlongtobeat.com/games/93073_HDoom.jpg?width=760',4,1,8,1);
CREATE TABLE IF NOT EXISTS "stickerstormapi_finish" ("finish_type" varchar(55) NOT NULL, "id" integer NOT NULL PRIMARY KEY AUTOINCREMENT);
INSERT INTO stickerstormapi_finish VALUES('Holographic',1);
INSERT INTO stickerstormapi_finish VALUES('Gloss',2);
INSERT INTO stickerstormapi_finish VALUES('Matte',3);
CREATE TABLE IF NOT EXISTS "stickerstormapi_size" ("sticker_size" integer NOT NULL, "id" integer NOT NULL PRIMARY KEY AUTOINCREMENT);
INSERT INTO stickerstormapi_size VALUES(2,1);
INSERT INTO stickerstormapi_size VALUES(5,2);
DELETE FROM sqlite_sequence;
INSERT INTO sqlite_sequence VALUES('django_migrations',25);
INSERT INTO sqlite_sequence VALUES('django_admin_log',0);
INSERT INTO sqlite_sequence VALUES('django_content_type',12);
INSERT INTO sqlite_sequence VALUES('auth_permission',48);
INSERT INTO sqlite_sequence VALUES('auth_group',0);
INSERT INTO sqlite_sequence VALUES('auth_user',8);
INSERT INTO sqlite_sequence VALUES('stickerstormapi_order',2);
INSERT INTO sqlite_sequence VALUES('stickerstormapi_order_order_sticker',2);
INSERT INTO sqlite_sequence VALUES('stickerstormapi_sticker',26);
INSERT INTO sqlite_sequence VALUES('stickerstormapi_finish',3);
INSERT INTO sqlite_sequence VALUES('stickerstormapi_size',2);
CREATE UNIQUE INDEX "auth_group_permissions_group_id_permission_id_0cd325b0_uniq" ON "auth_group_permissions" ("group_id", "permission_id");
CREATE INDEX "auth_group_permissions_group_id_b120cbf9" ON "auth_group_permissions" ("group_id");
CREATE INDEX "auth_group_permissions_permission_id_84c5c92e" ON "auth_group_permissions" ("permission_id");
CREATE UNIQUE INDEX "auth_user_groups_user_id_group_id_94350c0c_uniq" ON "auth_user_groups" ("user_id", "group_id");
CREATE INDEX "auth_user_groups_user_id_6a12ed8b" ON "auth_user_groups" ("user_id");
CREATE INDEX "auth_user_groups_group_id_97559544" ON "auth_user_groups" ("group_id");
CREATE UNIQUE INDEX "auth_user_user_permissions_user_id_permission_id_14a6b632_uniq" ON "auth_user_user_permissions" ("user_id", "permission_id");
CREATE INDEX "auth_user_user_permissions_user_id_a95ead1b" ON "auth_user_user_permissions" ("user_id");
CREATE INDEX "auth_user_user_permissions_permission_id_1fbb5f2c" ON "auth_user_user_permissions" ("permission_id");
CREATE INDEX "django_admin_log_content_type_id_c4bce8eb" ON "django_admin_log" ("content_type_id");
CREATE INDEX "django_admin_log_user_id_c564eba6" ON "django_admin_log" ("user_id");
CREATE UNIQUE INDEX "django_content_type_app_label_model_76bd3d3b_uniq" ON "django_content_type" ("app_label", "model");
CREATE UNIQUE INDEX "auth_permission_content_type_id_codename_01ab375a_uniq" ON "auth_permission" ("content_type_id", "codename");
CREATE INDEX "auth_permission_content_type_id_2f476e4b" ON "auth_permission" ("content_type_id");
CREATE INDEX "django_session_expire_date_a5c62663" ON "django_session" ("expire_date");
CREATE INDEX "stickerstormapi_order_user_id_d6e6f847" ON "stickerstormapi_order" ("user_id");
CREATE UNIQUE INDEX "stickerstormapi_order_order_sticker_order_id_sticker_id_f37c282f_uniq" ON "stickerstormapi_order_order_sticker" ("order_id", "sticker_id");
CREATE INDEX "stickerstormapi_order_order_sticker_order_id_32ff637a" ON "stickerstormapi_order_order_sticker" ("order_id");
CREATE INDEX "stickerstormapi_order_order_sticker_sticker_id_3bec2c5b" ON "stickerstormapi_order_order_sticker" ("sticker_id");
CREATE INDEX "stickerstormapi_sticker_finish_type_id_8ef04a03" ON "stickerstormapi_sticker" ("finish_type_id");
CREATE INDEX "stickerstormapi_sticker_user_id_afd38ef1" ON "stickerstormapi_sticker" ("user_id");
CREATE INDEX "stickerstormapi_sticker_sticker_size_id_89960ddb" ON "stickerstormapi_sticker" ("sticker_size_id");
COMMIT;
